[{"model": "admin.logentry", "pk": 1, "fields": {"action_time": "2023-05-01T11:27:24.471Z", "user": 1, "content_type": 11, "object_id": "1", "object_repr": "Fast", "action_flag": 1, "change_message": "[{\"added\": {}}]"}}, {"model": "admin.logentry", "pk": 2, "fields": {"action_time": "2023-05-01T11:29:41.487Z", "user": 1, "content_type": 8, "object_id": "41486062-0cb6-4fd7-a058-938c06e1df4f", "object_repr": "Buy fuel", "action_flag": 1, "change_message": "[{\"added\": {}}]"}}, {"model": "admin.logentry", "pk": 3, "fields": {"action_time": "2023-05-01T11:32:43.903Z", "user": 1, "content_type": 11, "object_id": "2", "object_repr": "Very clean", "action_flag": 1, "change_message": "[{\"added\": {}}]"}}, {"model": "admin.logentry", "pk": 4, "fields": {"action_time": "2023-05-01T11:33:40.702Z", "user": 1, "content_type": 8, "object_id": "eaf1d7cc-3200-4a14-aed5-f66a1ca12e2f", "object_repr": "Wash Car", "action_flag": 1, "change_message": "[{\"added\": {}}]"}}, {"model": "admin.logentry", "pk": 5, "fields": {"action_time": "2023-05-01T21:06:00.648Z", "user": 1, "content_type": 6, "object_id": "2", "object_repr": "debinaya65@gmail.com", "action_flag": 1, "change_message": "[{\"added\": {}}]"}}, {"model": "admin.logentry", "pk": 6, "fields": {"action_time": "2023-05-01T21:06:16.214Z", "user": 1, "content_type": 8, "object_id": "41486062-0cb6-4fd7-a058-938c06e1df4f", "object_repr": "Buy fuel", "action_flag": 2, "change_message": "[{\"changed\": {\"fields\": [\"Messenger\"]}}]"}}, {"model": "admin.logentry", "pk": 7, "fields": {"action_time": "2023-05-01T21:10:23.667Z", "user": 1, "content_type": 6, "object_id": "2", "object_repr": "debinaya65@gmail.com", "action_flag": 2, "change_message": "[]"}}, {"model": "admin.logentry", "pk": 8, "fields": {"action_time": "2023-05-05T22:27:55.142Z", "user": 1, "content_type": 6, "object_id": "3", "object_repr": "edwardprosper002@gmail.com", "action_flag": 3, "change_message": ""}}, {"model": "admin.logentry", "pk": 9, "fields": {"action_time": "2023-05-05T22:30:57.790Z", "user": 1, "content_type": 6, "object_id": "4", "object_repr": "edwardprosper002@gmail.com", "action_flag": 3, "change_message": ""}}, {"model": "admin.logentry", "pk": 10, "fields": {"action_time": "2023-05-06T18:32:51.578Z", "user": 1, "content_type": 8, "object_id": "98f48d98-20cc-46e5-a048-8c04d1ded775", "object_repr": "Buy food", "action_flag": 1, "change_message": "[{\"added\": {}}]"}}, {"model": "admin.logentry", "pk": 11, "fields": {"action_time": "2023-05-06T18:45:22.059Z", "user": 1, "content_type": 8, "object_id": "98f48d98-20cc-46e5-a048-8c04d1ded775", "object_repr": "Buy food", "action_flag": 2, "change_message": "[]"}}, {"model": "admin.logentry", "pk": 12, "fields": {"action_time": "2023-05-06T19:38:51.058Z", "user": 1, "content_type": 12, "object_id": "1", "object_repr": "prosper", "action_flag": 1, "change_message": "[{\"added\": {}}]"}}, {"model": "admin.logentry", "pk": 13, "fields": {"action_time": "2023-05-06T19:40:51.255Z", "user": 1, "content_type": 12, "object_id": "1", "object_repr": "prosper", "action_flag": 3, "change_message": ""}}, {"model": "admin.logentry", "pk": 14, "fields": {"action_time": "2023-05-06T22:54:36.355Z", "user": 1, "content_type": 12, "object_id": "2", "object_repr": "prosper", "action_flag": 3, "change_message": ""}}, {"model": "admin.logentry", "pk": 15, "fields": {"action_time": "2023-05-06T22:57:04.817Z", "user": 1, "content_type": 12, "object_id": "3", "object_repr": "prosper", "action_flag": 1, "change_message": "[{\"added\": {}}]"}}, {"model": "admin.logentry", "pk": 16, "fields": {"action_time": "2023-05-06T23:04:58.870Z", "user": 1, "content_type": 12, "object_id": "3", "object_repr": "prosper", "action_flag": 3, "change_message": ""}}, {"model": "admin.logentry", "pk": 17, "fields": {"action_time": "2023-05-08T11:39:39.674Z", "user": 1, "content_type": 12, "object_id": "5", "object_repr": "debbie", "action_flag": 1, "change_message": "[{\"added\": {}}]"}}, {"model": "admin.logentry", "pk": 18, "fields": {"action_time": "2023-05-08T12:00:53.549Z", "user": 1, "content_type": 8, "object_id": "41486062-0cb6-4fd7-a058-938c06e1df4f", "object_repr": "Buy fuel", "action_flag": 2, "change_message": "[{\"changed\": {\"fields\": [\"Task bidders\"]}}]"}}, {"model": "admin.logentry", "pk": 19, "fields": {"action_time": "2023-05-08T13:06:14.120Z", "user": 1, "content_type": 12, "object_id": "5", "object_repr": "debbie", "action_flag": 3, "change_message": ""}}, {"model": "admin.logentry", "pk": 20, "fields": {"action_time": "2023-05-08T13:06:14.526Z", "user": 1, "content_type": 12, "object_id": "4", "object_repr": "prosper", "action_flag": 3, "change_message": ""}}, {"model": "admin.logentry", "pk": 21, "fields": {"action_time": "2023-05-08T13:15:07.101Z", "user": 1, "content_type": 8, "object_id": "41486062-0cb6-4fd7-a058-938c06e1df4f", "object_repr": "Buy fuel", "action_flag": 2, "change_message": "[{\"changed\": {\"fields\": [\"Task bidders\"]}}]"}}, {"model": "admin.logentry", "pk": 22, "fields": {"action_time": "2023-05-08T14:18:14.454Z", "user": 1, "content_type": 18, "object_id": "1", "object_repr": "prosper", "action_flag": 3, "change_message": ""}}, {"model": "admin.logentry", "pk": 23, "fields": {"action_time": "2023-05-09T08:24:46.641Z", "user": 1, "content_type": 12, "object_id": "6", "object_repr": "prosper", "action_flag": 3, "change_message": ""}}, {"model": "admin.logentry", "pk": 24, "fields": {"action_time": "2023-05-10T09:29:37.453Z", "user": 1, "content_type": 8, "object_id": "41486062-0cb6-4fd7-a058-938c06e1df4f", "object_repr": "Buy fuel", "action_flag": 2, "change_message": "[{\"changed\": {\"fields\": [\"Task bidders\"]}}]"}}, {"model": "admin.logentry", "pk": 25, "fields": {"action_time": "2023-05-10T09:38:30.575Z", "user": 1, "content_type": 8, "object_id": "41486062-0cb6-4fd7-a058-938c06e1df4f", "object_repr": "Buy fuel", "action_flag": 2, "change_message": "[{\"changed\": {\"fields\": [\"Task bidders\"]}}]"}}, {"model": "admin.logentry", "pk": 26, "fields": {"action_time": "2023-05-10T09:39:21.937Z", "user": 1, "content_type": 12, "object_id": "7", "object_repr": "prosper", "action_flag": 3, "change_message": ""}}, {"model": "admin.logentry", "pk": 27, "fields": {"action_time": "2023-05-10T09:58:41.805Z", "user": 1, "content_type": 8, "object_id": "41486062-0cb6-4fd7-a058-938c06e1df4f", "object_repr": "Buy fuel", "action_flag": 2, "change_message": "[{\"changed\": {\"fields\": [\"Task bidders\"]}}]"}}, {"model": "admin.logentry", "pk": 28, "fields": {"action_time": "2023-05-10T10:09:33.065Z", "user": 1, "content_type": 8, "object_id": "3fb688fa-1788-4f01-95ab-64e41199b8c6", "object_repr": "Fix laptop", "action_flag": 1, "change_message": "[{\"added\": {}}]"}}, {"model": "admin.logentry", "pk": 29, "fields": {"action_time": "2023-05-12T14:22:35.934Z", "user": 1, "content_type": 12, "object_id": "8", "object_repr": "prosper", "action_flag": 3, "change_message": ""}}, {"model": "admin.logentry", "pk": 30, "fields": {"action_time": "2023-05-15T11:17:14.660Z", "user": 1, "content_type": 12, "object_id": "10", "object_repr": "debbie", "action_flag": 1, "change_message": "[{\"added\": {}}]"}}, {"model": "admin.logentry", "pk": 31, "fields": {"action_time": "2023-05-15T11:17:17.122Z", "user": 1, "content_type": 8, "object_id": "41486062-0cb6-4fd7-a058-938c06e1df4f", "object_repr": "Buy fuel", "action_flag": 2, "change_message": "[{\"changed\": {\"fields\": [\"Task bidders\"]}}]"}}, {"model": "admin.logentry", "pk": 32, "fields": {"action_time": "2023-05-15T11:34:13.989Z", "user": 1, "content_type": 8, "object_id": "41486062-0cb6-4fd7-a058-938c06e1df4f", "object_repr": "Buy fuel", "action_flag": 2, "change_message": "[{\"changed\": {\"fields\": [\"Messenger\"]}}]"}}, {"model": "admin.logentry", "pk": 33, "fields": {"action_time": "2023-05-16T21:44:43.026Z", "user": 1, "content_type": 6, "object_id": "6", "object_repr": "john@gmail.com", "action_flag": 1, "change_message": "[{\"added\": {}}]"}}, {"model": "admin.logentry", "pk": 34, "fields": {"action_time": "2023-05-16T21:45:14.688Z", "user": 1, "content_type": 21, "object_id": "2", "object_repr": "prosper code", "action_flag": 1, "change_message": "[{\"added\": {}}]"}}, {"model": "admin.logentry", "pk": 35, "fields": {"action_time": "2023-05-16T21:45:20.990Z", "user": 1, "content_type": 21, "object_id": "3", "object_repr": "prosper code", "action_flag": 1, "change_message": "[{\"added\": {}}]"}}, {"model": "admin.logentry", "pk": 36, "fields": {"action_time": "2023-05-16T21:45:28.793Z", "user": 1, "content_type": 21, "object_id": "4", "object_repr": "debbie code", "action_flag": 1, "change_message": "[{\"added\": {}}]"}}, {"model": "admin.logentry", "pk": 37, "fields": {"action_time": "2023-05-19T18:00:34.030Z", "user": 1, "content_type": 6, "object_id": "5", "object_repr": "edwardprosper002@gmail.com", "action_flag": 3, "change_message": ""}}, {"model": "admin.logentry", "pk": 38, "fields": {"action_time": "2023-05-19T18:20:29.645Z", "user": 1, "content_type": 6, "object_id": "7", "object_repr": "edwardprosper002@gmail.com", "action_flag": 3, "change_message": ""}}, {"model": "admin.logentry", "pk": 39, "fields": {"action_time": "2023-05-27T16:44:58.725Z", "user": 1, "content_type": 6, "object_id": "8", "object_repr": "edwardprosper002@gmail.com", "action_flag": 3, "change_message": ""}}, {"model": "admin.logentry", "pk": 40, "fields": {"action_time": "2023-05-27T16:55:01.260Z", "user": 1, "content_type": 6, "object_id": "9", "object_repr": "edwardprosper002@gmail.com", "action_flag": 3, "change_message": ""}}, {"model": "admin.logentry", "pk": 41, "fields": {"action_time": "2023-05-27T17:40:43.026Z", "user": 1, "content_type": 6, "object_id": "10", "object_repr": "edwardprosper002@gmail.com", "action_flag": 3, "change_message": ""}}, {"model": "admin.logentry", "pk": 42, "fields": {"action_time": "2023-05-27T17:42:39.785Z", "user": 1, "content_type": 7, "object_id": "9", "object_repr": "prosperity profile", "action_flag": 2, "change_message": "[{\"changed\": {\"fields\": [\"Location\", \"Phone number\", \"Is complete\"]}}]"}}, {"model": "admin.logentry", "pk": 43, "fields": {"action_time": "2023-05-27T17:45:28.047Z", "user": 1, "content_type": 6, "object_id": "11", "object_repr": "edwardprosper002@gmail.com", "action_flag": 3, "change_message": ""}}, {"model": "admin.logentry", "pk": 44, "fields": {"action_time": "2023-05-27T17:47:22.073Z", "user": 1, "content_type": 7, "object_id": "10", "object_repr": "prosperity profile", "action_flag": 2, "change_message": "[{\"changed\": {\"fields\": [\"Location\", \"Phone number\", \"Is complete\"]}}]"}}, {"model": "admin.logentry", "pk": 45, "fields": {"action_time": "2023-05-27T17:49:13.637Z", "user": 1, "content_type": 6, "object_id": "12", "object_repr": "edwardprosper002@gmail.com", "action_flag": 3, "change_message": ""}}, {"model": "admin.logentry", "pk": 46, "fields": {"action_time": "2023-05-27T17:54:46.925Z", "user": 1, "content_type": 7, "object_id": "11", "object_repr": "prosperity profile", "action_flag": 2, "change_message": "[{\"changed\": {\"fields\": [\"Location\", \"Phone number\", \"Is complete\"]}}]"}}, {"model": "admin.logentry", "pk": 47, "fields": {"action_time": "2023-06-04T20:40:17.317Z", "user": 1, "content_type": 8, "object_id": "fd1f0a43-40c0-46d0-a7cd-da73ce73c5c3", "object_repr": "Pick up kids", "action_flag": 2, "change_message": "[{\"changed\": {\"fields\": [\"Completed\"]}}]"}}, {"model": "admin.logentry", "pk": 48, "fields": {"action_time": "2023-06-04T20:50:43.888Z", "user": 1, "content_type": 8, "object_id": "fd1f0a43-40c0-46d0-a7cd-da73ce73c5c3", "object_repr": "Pick up kids", "action_flag": 2, "change_message": "[{\"changed\": {\"fields\": [\"Messenger\"]}}]"}}, {"model": "admin.logentry", "pk": 49, "fields": {"action_time": "2023-06-04T20:51:01.439Z", "user": 1, "content_type": 8, "object_id": "fd1f0a43-40c0-46d0-a7cd-da73ce73c5c3", "object_repr": "Pick up kids", "action_flag": 2, "change_message": "[{\"changed\": {\"fields\": [\"Messenger\"]}}]"}}, {"model": "admin.logentry", "pk": 50, "fields": {"action_time": "2023-06-09T11:51:28.351Z", "user": 1, "content_type": 6, "object_id": "13", "object_repr": "edwardprosper002@gmail.com", "action_flag": 3, "change_message": ""}}, {"model": "admin.logentry", "pk": 51, "fields": {"action_time": "2023-06-09T11:53:12.474Z", "user": 1, "content_type": 6, "object_id": "15", "object_repr": "edwardprosper002@gmail.com", "action_flag": 3, "change_message": ""}}, {"model": "admin.logentry", "pk": 52, "fields": {"action_time": "2023-06-13T15:28:24.560Z", "user": 1, "content_type": 6, "object_id": "16", "object_repr": "edwardprosper002@gmail.com", "action_flag": 3, "change_message": ""}}, {"model": "admin.logentry", "pk": 53, "fields": {"action_time": "2023-06-13T15:33:57.088Z", "user": 1, "content_type": 6, "object_id": "17", "object_repr": "edwardprosper002@gmail.com", "action_flag": 3, "change_message": ""}}, {"model": "admin.logentry", "pk": 54, "fields": {"action_time": "2023-06-13T15:48:44.913Z", "user": 1, "content_type": 22, "object_id": "1", "object_repr": "Tech", "action_flag": 1, "change_message": "[{\"added\": {}}]"}}, {"model": "admin.logentry", "pk": 55, "fields": {"action_time": "2023-06-13T15:48:57.447Z", "user": 1, "content_type": 22, "object_id": "2", "object_repr": "Food Delivery", "action_flag": 1, "change_message": "[{\"added\": {}}]"}}, {"model": "admin.logentry", "pk": 56, "fields": {"action_time": "2023-06-13T15:49:02.904Z", "user": 1, "content_type": 22, "object_id": "3", "object_repr": "Chore", "action_flag": 1, "change_message": "[{\"added\": {}}]"}}, {"model": "admin.logentry", "pk": 57, "fields": {"action_time": "2023-06-13T15:51:37.110Z", "user": 1, "content_type": 8, "object_id": "eaf1d7cc-3200-4a14-aed5-f66a1ca12e2f", "object_repr": "Wash Car", "action_flag": 2, "change_message": "[{\"changed\": {\"fields\": [\"Category\"]}}]"}}, {"model": "admin.logentry", "pk": 58, "fields": {"action_time": "2023-06-13T16:13:09.451Z", "user": 1, "content_type": 8, "object_id": "20bae844-ceab-4ca8-abb2-b0262819e35f", "object_repr": "Deliver Customer food", "action_flag": 1, "change_message": "[{\"added\": {}}]"}}, {"model": "admin.logentry", "pk": 59, "fields": {"action_time": "2023-06-13T16:17:43.126Z", "user": 1, "content_type": 23, "object_id": "1", "object_repr": "Shop 10", "action_flag": 1, "change_message": "[{\"added\": {}}]"}}, {"model": "admin.logentry", "pk": 60, "fields": {"action_time": "2023-06-19T13:24:26.079Z", "user": 1, "content_type": 23, "object_id": "10", "object_repr": "Mavise", "action_flag": 3, "change_message": ""}}, {"model": "admin.logentry", "pk": 61, "fields": {"action_time": "2023-06-19T13:24:26.199Z", "user": 1, "content_type": 23, "object_id": "9", "object_repr": "Mavise", "action_flag": 3, "change_message": ""}}, {"model": "admin.logentry", "pk": 62, "fields": {"action_time": "2023-06-19T13:24:26.451Z", "user": 1, "content_type": 23, "object_id": "8", "object_repr": "Mavise", "action_flag": 3, "change_message": ""}}, {"model": "admin.logentry", "pk": 63, "fields": {"action_time": "2023-06-19T13:24:26.584Z", "user": 1, "content_type": 23, "object_id": "7", "object_repr": "Mavise", "action_flag": 3, "change_message": ""}}, {"model": "admin.logentry", "pk": 64, "fields": {"action_time": "2023-06-19T13:24:26.695Z", "user": 1, "content_type": 23, "object_id": "6", "object_repr": "Mavise", "action_flag": 3, "change_message": ""}}, {"model": "admin.logentry", "pk": 65, "fields": {"action_time": "2023-06-19T13:24:26.963Z", "user": 1, "content_type": 23, "object_id": "5", "object_repr": "Mavise", "action_flag": 3, "change_message": ""}}, {"model": "admin.logentry", "pk": 66, "fields": {"action_time": "2023-06-19T13:24:27.179Z", "user": 1, "content_type": 23, "object_id": "4", "object_repr": "Mavise", "action_flag": 3, "change_message": ""}}, {"model": "admin.logentry", "pk": 67, "fields": {"action_time": "2023-06-19T13:24:27.349Z", "user": 1, "content_type": 23, "object_id": "3", "object_repr": "Mavise", "action_flag": 3, "change_message": ""}}, {"model": "admin.logentry", "pk": 68, "fields": {"action_time": "2023-06-19T13:24:27.478Z", "user": 1, "content_type": 23, "object_id": "2", "object_repr": "Mavise", "action_flag": 3, "change_message": ""}}, {"model": "admin.logentry", "pk": 69, "fields": {"action_time": "2023-06-19T13:25:22.852Z", "user": 1, "content_type": 23, "object_id": "11", "object_repr": "Mavise", "action_flag": 2, "change_message": "[{\"changed\": {\"fields\": [\"Location\", \"Subscribers\"]}}]"}}, {"model": "admin.logentry", "pk": 70, "fields": {"action_time": "2023-06-19T13:51:39.546Z", "user": 1, "content_type": 23, "object_id": "11", "object_repr": "Mavise", "action_flag": 2, "change_message": "[{\"changed\": {\"fields\": [\"Subscribers\"]}}]"}}, {"model": "admin.logentry", "pk": 71, "fields": {"action_time": "2023-06-19T16:08:08.764Z", "user": 1, "content_type": 24, "object_id": "2", "object_repr": "localhost:8000", "action_flag": 1, "change_message": "[{\"added\": {}}]"}}, {"model": "admin.logentry", "pk": 72, "fields": {"action_time": "2023-06-19T16:29:27.820Z", "user": 1, "content_type": 28, "object_id": "1", "object_repr": "Google SS0", "action_flag": 1, "change_message": "[{\"added\": {}}]"}}, {"model": "admin.logentry", "pk": 73, "fields": {"action_time": "2023-06-19T16:34:18.566Z", "user": 1, "content_type": 28, "object_id": "1", "object_repr": "Google SS0", "action_flag": 2, "change_message": "[{\"changed\": {\"fields\": [\"Sites\"]}}]"}}, {"model": "admin.logentry", "pk": 74, "fields": {"action_time": "2023-06-21T09:43:09.051Z", "user": 1, "content_type": 23, "object_id": "16", "object_repr": "j", "action_flag": 3, "change_message": ""}}, {"model": "admin.logentry", "pk": 75, "fields": {"action_time": "2023-06-21T09:43:09.213Z", "user": 1, "content_type": 23, "object_id": "15", "object_repr": "wisdom", "action_flag": 3, "change_message": ""}}, {"model": "admin.logentry", "pk": 76, "fields": {"action_time": "2023-06-21T09:43:09.493Z", "user": 1, "content_type": 23, "object_id": "14", "object_repr": "FYT", "action_flag": 3, "change_message": ""}}, {"model": "admin.logentry", "pk": 77, "fields": {"action_time": "2023-06-21T09:43:09.695Z", "user": 1, "content_type": 23, "object_id": "13", "object_repr": "FYT", "action_flag": 3, "change_message": ""}}, {"model": "admin.logentry", "pk": 78, "fields": {"action_time": "2023-06-21T09:43:09.976Z", "user": 1, "content_type": 23, "object_id": "12", "object_repr": "FYT", "action_flag": 3, "change_message": ""}}, {"model": "admin.logentry", "pk": 79, "fields": {"action_time": "2023-06-21T10:05:33.622Z", "user": 1, "content_type": 23, "object_id": "17", "object_repr": "FYT", "action_flag": 2, "change_message": "[{\"changed\": {\"fields\": [\"Location\", \"Is verified\"]}}]"}}, {"model": "admin.logentry", "pk": 80, "fields": {"action_time": "2023-06-21T10:32:12.332Z", "user": 1, "content_type": 8, "object_id": "100d7631-1ac3-4d03-adb6-116799aa571e", "object_repr": "deliver beans", "action_flag": 3, "change_message": ""}}, {"model": "admin.logentry", "pk": 81, "fields": {"action_time": "2023-06-21T10:44:26.164Z", "user": 1, "content_type": 6, "object_id": "18", "object_repr": "edwardprosper002@gmail.com", "action_flag": 2, "change_message": "[{\"changed\": {\"fields\": [\"First Name\", \"Is active\"]}}]"}}, {"model": "admin.logentry", "pk": 82, "fields": {"action_time": "2023-06-26T15:38:22.779Z", "user": 1, "content_type": 8, "object_id": "eaf1d7cc-3200-4a14-aed5-f66a1ca12e2f", "object_repr": "Wash Car", "action_flag": 2, "change_message": "[{\"changed\": {\"fields\": [\"Messenger\"]}}]"}}, {"model": "admin.logentry", "pk": 83, "fields": {"action_time": "2023-06-26T15:39:46.869Z", "user": 1, "content_type": 8, "object_id": "eaf1d7cc-3200-4a14-aed5-f66a1ca12e2f", "object_repr": "Wash Car", "action_flag": 2, "change_message": "[{\"changed\": {\"fields\": [\"Messenger\"]}}]"}}, {"model": "admin.logentry", "pk": 84, "fields": {"action_time": "2023-07-27T09:22:34.243Z", "user": 1, "content_type": 8, "object_id": "fd1f0a43-40c0-46d0-a7cd-da73ce73c5c3", "object_repr": "Pick up kids", "action_flag": 2, "change_message": "[{\"changed\": {\"fields\": [\"Sender\", \"Messenger\"]}}]"}}, {"model": "admin.logentry", "pk": 85, "fields": {"action_time": "2023-07-27T09:26:12.286Z", "user": 1, "content_type": 8, "object_id": "fd1f0a43-40c0-46d0-a7cd-da73ce73c5c3", "object_repr": "Pick up kids", "action_flag": 2, "change_message": "[{\"changed\": {\"fields\": [\"Paid\"]}}]"}}, {"model": "admin.logentry", "pk": 86, "fields": {"action_time": "2023-07-30T00:00:18.460Z", "user": 1, "content_type": 8, "object_id": "be6e0cbe-1cb9-4c1d-8023-e182df299330", "object_repr": "new task", "action_flag": 1, "change_message": "[{\"added\": {}}]"}}, {"model": "admin.logentry", "pk": 87, "fields": {"action_time": "2023-07-30T00:07:16.516Z", "user": 1, "content_type": 8, "object_id": "be6e0cbe-1cb9-4c1d-8023-e182df299330", "object_repr": "new task", "action_flag": 3, "change_message": ""}}, {"model": "admin.logentry", "pk": 88, "fields": {"action_time": "2023-07-30T00:08:25.708Z", "user": 1, "content_type": 8, "object_id": "3ba8121b-c13b-4161-b350-7aeb2e412fa2", "object_repr": "new task", "action_flag": 1, "change_message": "[{\"added\": {}}]"}}, {"model": "admin.logentry", "pk": 89, "fields": {"action_time": "2023-07-30T00:09:30.439Z", "user": 1, "content_type": 8, "object_id": "3ba8121b-c13b-4161-b350-7aeb2e412fa2", "object_repr": "new task", "action_flag": 3, "change_message": ""}}, {"model": "admin.logentry", "pk": 90, "fields": {"action_time": "2023-07-30T00:09:53.493Z", "user": 1, "content_type": 8, "object_id": "df3bda6f-a402-4ede-a372-5e3c383caa93", "object_repr": "new task", "action_flag": 1, "change_message": "[{\"added\": {}}]"}}, {"model": "auth.permission", "pk": 1, "fields": {"name": "Can add log entry", "content_type": 1, "codename": "add_logentry"}}, {"model": "auth.permission", "pk": 2, "fields": {"name": "Can change log entry", "content_type": 1, "codename": "change_logentry"}}, {"model": "auth.permission", "pk": 3, "fields": {"name": "Can delete log entry", "content_type": 1, "codename": "delete_logentry"}}, {"model": "auth.permission", "pk": 4, "fields": {"name": "Can view log entry", "content_type": 1, "codename": "view_logentry"}}, {"model": "auth.permission", "pk": 5, "fields": {"name": "Can add permission", "content_type": 2, "codename": "add_permission"}}, {"model": "auth.permission", "pk": 6, "fields": {"name": "Can change permission", "content_type": 2, "codename": "change_permission"}}, {"model": "auth.permission", "pk": 7, "fields": {"name": "Can delete permission", "content_type": 2, "codename": "delete_permission"}}, {"model": "auth.permission", "pk": 8, "fields": {"name": "Can view permission", "content_type": 2, "codename": "view_permission"}}, {"model": "auth.permission", "pk": 9, "fields": {"name": "Can add group", "content_type": 3, "codename": "add_group"}}, {"model": "auth.permission", "pk": 10, "fields": {"name": "Can change group", "content_type": 3, "codename": "change_group"}}, {"model": "auth.permission", "pk": 11, "fields": {"name": "Can delete group", "content_type": 3, "codename": "delete_group"}}, {"model": "auth.permission", "pk": 12, "fields": {"name": "Can view group", "content_type": 3, "codename": "view_group"}}, {"model": "auth.permission", "pk": 13, "fields": {"name": "Can add content type", "content_type": 4, "codename": "add_contenttype"}}, {"model": "auth.permission", "pk": 14, "fields": {"name": "Can change content type", "content_type": 4, "codename": "change_contenttype"}}, {"model": "auth.permission", "pk": 15, "fields": {"name": "Can delete content type", "content_type": 4, "codename": "delete_contenttype"}}, {"model": "auth.permission", "pk": 16, "fields": {"name": "Can view content type", "content_type": 4, "codename": "view_contenttype"}}, {"model": "auth.permission", "pk": 17, "fields": {"name": "Can add session", "content_type": 5, "codename": "add_session"}}, {"model": "auth.permission", "pk": 18, "fields": {"name": "Can change session", "content_type": 5, "codename": "change_session"}}, {"model": "auth.permission", "pk": 19, "fields": {"name": "Can delete session", "content_type": 5, "codename": "delete_session"}}, {"model": "auth.permission", "pk": 20, "fields": {"name": "Can view session", "content_type": 5, "codename": "view_session"}}, {"model": "auth.permission", "pk": 21, "fields": {"name": "Can add user", "content_type": 6, "codename": "add_user"}}, {"model": "auth.permission", "pk": 22, "fields": {"name": "Can change user", "content_type": 6, "codename": "change_user"}}, {"model": "auth.permission", "pk": 23, "fields": {"name": "Can delete user", "content_type": 6, "codename": "delete_user"}}, {"model": "auth.permission", "pk": 24, "fields": {"name": "Can view user", "content_type": 6, "codename": "view_user"}}, {"model": "auth.permission", "pk": 25, "fields": {"name": "Can add profile", "content_type": 7, "codename": "add_profile"}}, {"model": "auth.permission", "pk": 26, "fields": {"name": "Can change profile", "content_type": 7, "codename": "change_profile"}}, {"model": "auth.permission", "pk": 27, "fields": {"name": "Can delete profile", "content_type": 7, "codename": "delete_profile"}}, {"model": "auth.permission", "pk": 28, "fields": {"name": "Can view profile", "content_type": 7, "codename": "view_profile"}}, {"model": "auth.permission", "pk": 29, "fields": {"name": "Can add task", "content_type": 8, "codename": "add_task"}}, {"model": "auth.permission", "pk": 30, "fields": {"name": "Can change task", "content_type": 8, "codename": "change_task"}}, {"model": "auth.permission", "pk": 31, "fields": {"name": "Can delete task", "content_type": 8, "codename": "delete_task"}}, {"model": "auth.permission", "pk": 32, "fields": {"name": "Can view task", "content_type": 8, "codename": "view_task"}}, {"model": "auth.permission", "pk": 33, "fields": {"name": "Can add accept task", "content_type": 9, "codename": "add_accepttask"}}, {"model": "auth.permission", "pk": 34, "fields": {"name": "Can change accept task", "content_type": 9, "codename": "change_accepttask"}}, {"model": "auth.permission", "pk": 35, "fields": {"name": "Can delete accept task", "content_type": 9, "codename": "delete_accepttask"}}, {"model": "auth.permission", "pk": 36, "fields": {"name": "Can view accept task", "content_type": 9, "codename": "view_accepttask"}}, {"model": "auth.permission", "pk": 37, "fields": {"name": "Can add task review", "content_type": 10, "codename": "add_taskreview"}}, {"model": "auth.permission", "pk": 38, "fields": {"name": "Can change task review", "content_type": 10, "codename": "change_taskreview"}}, {"model": "auth.permission", "pk": 39, "fields": {"name": "Can delete task review", "content_type": 10, "codename": "delete_taskreview"}}, {"model": "auth.permission", "pk": 40, "fields": {"name": "Can view task review", "content_type": 10, "codename": "view_taskreview"}}, {"model": "auth.permission", "pk": 41, "fields": {"name": "Can add keyword", "content_type": 11, "codename": "add_keyword"}}, {"model": "auth.permission", "pk": 42, "fields": {"name": "Can change keyword", "content_type": 11, "codename": "change_keyword"}}, {"model": "auth.permission", "pk": 43, "fields": {"name": "Can delete keyword", "content_type": 11, "codename": "delete_keyword"}}, {"model": "auth.permission", "pk": 44, "fields": {"name": "Can view keyword", "content_type": 11, "codename": "view_keyword"}}, {"model": "auth.permission", "pk": 45, "fields": {"name": "Can add bidder", "content_type": 12, "codename": "add_bidder"}}, {"model": "auth.permission", "pk": 46, "fields": {"name": "Can change bidder", "content_type": 12, "codename": "change_bidder"}}, {"model": "auth.permission", "pk": 47, "fields": {"name": "Can delete bidder", "content_type": 12, "codename": "delete_bidder"}}, {"model": "auth.permission", "pk": 48, "fields": {"name": "Can view bidder", "content_type": 12, "codename": "view_bidder"}}, {"model": "auth.permission", "pk": 49, "fields": {"name": "Can add association", "content_type": 13, "codename": "add_association"}}, {"model": "auth.permission", "pk": 50, "fields": {"name": "Can change association", "content_type": 13, "codename": "change_association"}}, {"model": "auth.permission", "pk": 51, "fields": {"name": "Can delete association", "content_type": 13, "codename": "delete_association"}}, {"model": "auth.permission", "pk": 52, "fields": {"name": "Can view association", "content_type": 13, "codename": "view_association"}}, {"model": "auth.permission", "pk": 53, "fields": {"name": "Can add code", "content_type": 14, "codename": "add_code"}}, {"model": "auth.permission", "pk": 54, "fields": {"name": "Can change code", "content_type": 14, "codename": "change_code"}}, {"model": "auth.permission", "pk": 55, "fields": {"name": "Can delete code", "content_type": 14, "codename": "delete_code"}}, {"model": "auth.permission", "pk": 56, "fields": {"name": "Can view code", "content_type": 14, "codename": "view_code"}}, {"model": "auth.permission", "pk": 57, "fields": {"name": "Can add nonce", "content_type": 15, "codename": "add_nonce"}}, {"model": "auth.permission", "pk": 58, "fields": {"name": "Can change nonce", "content_type": 15, "codename": "change_nonce"}}, {"model": "auth.permission", "pk": 59, "fields": {"name": "Can delete nonce", "content_type": 15, "codename": "delete_nonce"}}, {"model": "auth.permission", "pk": 60, "fields": {"name": "Can view nonce", "content_type": 15, "codename": "view_nonce"}}, {"model": "auth.permission", "pk": 61, "fields": {"name": "Can add user social auth", "content_type": 16, "codename": "add_usersocialauth"}}, {"model": "auth.permission", "pk": 62, "fields": {"name": "Can change user social auth", "content_type": 16, "codename": "change_usersocialauth"}}, {"model": "auth.permission", "pk": 63, "fields": {"name": "Can delete user social auth", "content_type": 16, "codename": "delete_usersocialauth"}}, {"model": "auth.permission", "pk": 64, "fields": {"name": "Can view user social auth", "content_type": 16, "codename": "view_usersocialauth"}}, {"model": "auth.permission", "pk": 65, "fields": {"name": "Can add partial", "content_type": 17, "codename": "add_partial"}}, {"model": "auth.permission", "pk": 66, "fields": {"name": "Can change partial", "content_type": 17, "codename": "change_partial"}}, {"model": "auth.permission", "pk": 67, "fields": {"name": "Can delete partial", "content_type": 17, "codename": "delete_partial"}}, {"model": "auth.permission", "pk": 68, "fields": {"name": "Can view partial", "content_type": 17, "codename": "view_partial"}}, {"model": "auth.permission", "pk": 69, "fields": {"name": "Can add new bidder", "content_type": 18, "codename": "add_newbidder"}}, {"model": "auth.permission", "pk": 70, "fields": {"name": "Can change new bidder", "content_type": 18, "codename": "change_newbidder"}}, {"model": "auth.permission", "pk": 71, "fields": {"name": "Can delete new bidder", "content_type": 18, "codename": "delete_newbidder"}}, {"model": "auth.permission", "pk": 72, "fields": {"name": "Can view new bidder", "content_type": 18, "codename": "view_newbidder"}}, {"model": "auth.permission", "pk": 73, "fields": {"name": "Can add support", "content_type": 19, "codename": "add_support"}}, {"model": "auth.permission", "pk": 74, "fields": {"name": "Can change support", "content_type": 19, "codename": "change_support"}}, {"model": "auth.permission", "pk": 75, "fields": {"name": "Can delete support", "content_type": 19, "codename": "delete_support"}}, {"model": "auth.permission", "pk": 76, "fields": {"name": "Can view support", "content_type": 19, "codename": "view_support"}}, {"model": "auth.permission", "pk": 77, "fields": {"name": "Can add referral code", "content_type": 20, "codename": "add_referralcode"}}, {"model": "auth.permission", "pk": 78, "fields": {"name": "Can change referral code", "content_type": 20, "codename": "change_referralcode"}}, {"model": "auth.permission", "pk": 79, "fields": {"name": "Can delete referral code", "content_type": 20, "codename": "delete_referralcode"}}, {"model": "auth.permission", "pk": 80, "fields": {"name": "Can view referral code", "content_type": 20, "codename": "view_referralcode"}}, {"model": "auth.permission", "pk": 81, "fields": {"name": "Can add referral", "content_type": 21, "codename": "add_referral"}}, {"model": "auth.permission", "pk": 82, "fields": {"name": "Can change referral", "content_type": 21, "codename": "change_referral"}}, {"model": "auth.permission", "pk": 83, "fields": {"name": "Can delete referral", "content_type": 21, "codename": "delete_referral"}}, {"model": "auth.permission", "pk": 84, "fields": {"name": "Can view referral", "content_type": 21, "codename": "view_referral"}}, {"model": "auth.permission", "pk": 85, "fields": {"name": "Can add category", "content_type": 22, "codename": "add_category"}}, {"model": "auth.permission", "pk": 86, "fields": {"name": "Can change category", "content_type": 22, "codename": "change_category"}}, {"model": "auth.permission", "pk": 87, "fields": {"name": "Can delete category", "content_type": 22, "codename": "delete_category"}}, {"model": "auth.permission", "pk": 88, "fields": {"name": "Can view category", "content_type": 22, "codename": "view_category"}}, {"model": "auth.permission", "pk": 89, "fields": {"name": "Can add shop", "content_type": 23, "codename": "add_shop"}}, {"model": "auth.permission", "pk": 90, "fields": {"name": "Can change shop", "content_type": 23, "codename": "change_shop"}}, {"model": "auth.permission", "pk": 91, "fields": {"name": "Can delete shop", "content_type": 23, "codename": "delete_shop"}}, {"model": "auth.permission", "pk": 92, "fields": {"name": "Can view shop", "content_type": 23, "codename": "view_shop"}}, {"model": "auth.permission", "pk": 93, "fields": {"name": "Can add site", "content_type": 24, "codename": "add_site"}}, {"model": "auth.permission", "pk": 94, "fields": {"name": "Can change site", "content_type": 24, "codename": "change_site"}}, {"model": "auth.permission", "pk": 95, "fields": {"name": "Can delete site", "content_type": 24, "codename": "delete_site"}}, {"model": "auth.permission", "pk": 96, "fields": {"name": "Can view site", "content_type": 24, "codename": "view_site"}}, {"model": "auth.permission", "pk": 97, "fields": {"name": "Can add email address", "content_type": 25, "codename": "add_emailaddress"}}, {"model": "auth.permission", "pk": 98, "fields": {"name": "Can change email address", "content_type": 25, "codename": "change_emailaddress"}}, {"model": "auth.permission", "pk": 99, "fields": {"name": "Can delete email address", "content_type": 25, "codename": "delete_emailaddress"}}, {"model": "auth.permission", "pk": 100, "fields": {"name": "Can view email address", "content_type": 25, "codename": "view_emailaddress"}}, {"model": "auth.permission", "pk": 101, "fields": {"name": "Can add email confirmation", "content_type": 26, "codename": "add_emailconfirmation"}}, {"model": "auth.permission", "pk": 102, "fields": {"name": "Can change email confirmation", "content_type": 26, "codename": "change_emailconfirmation"}}, {"model": "auth.permission", "pk": 103, "fields": {"name": "Can delete email confirmation", "content_type": 26, "codename": "delete_emailconfirmation"}}, {"model": "auth.permission", "pk": 104, "fields": {"name": "Can view email confirmation", "content_type": 26, "codename": "view_emailconfirmation"}}, {"model": "auth.permission", "pk": 105, "fields": {"name": "Can add social account", "content_type": 27, "codename": "add_socialaccount"}}, {"model": "auth.permission", "pk": 106, "fields": {"name": "Can change social account", "content_type": 27, "codename": "change_socialaccount"}}, {"model": "auth.permission", "pk": 107, "fields": {"name": "Can delete social account", "content_type": 27, "codename": "delete_socialaccount"}}, {"model": "auth.permission", "pk": 108, "fields": {"name": "Can view social account", "content_type": 27, "codename": "view_socialaccount"}}, {"model": "auth.permission", "pk": 109, "fields": {"name": "Can add social application", "content_type": 28, "codename": "add_socialapp"}}, {"model": "auth.permission", "pk": 110, "fields": {"name": "Can change social application", "content_type": 28, "codename": "change_socialapp"}}, {"model": "auth.permission", "pk": 111, "fields": {"name": "Can delete social application", "content_type": 28, "codename": "delete_socialapp"}}, {"model": "auth.permission", "pk": 112, "fields": {"name": "Can view social application", "content_type": 28, "codename": "view_socialapp"}}, {"model": "auth.permission", "pk": 113, "fields": {"name": "Can add social application token", "content_type": 29, "codename": "add_socialtoken"}}, {"model": "auth.permission", "pk": 114, "fields": {"name": "Can change social application token", "content_type": 29, "codename": "change_socialtoken"}}, {"model": "auth.permission", "pk": 115, "fields": {"name": "Can delete social application token", "content_type": 29, "codename": "delete_socialtoken"}}, {"model": "auth.permission", "pk": 116, "fields": {"name": "Can view social application token", "content_type": 29, "codename": "view_socialtoken"}}, {"model": "auth.permission", "pk": 117, "fields": {"name": "Can add shop profile", "content_type": 30, "codename": "add_shopprofile"}}, {"model": "auth.permission", "pk": 118, "fields": {"name": "Can change shop profile", "content_type": 30, "codename": "change_shopprofile"}}, {"model": "auth.permission", "pk": 119, "fields": {"name": "Can delete shop profile", "content_type": 30, "codename": "delete_shopprofile"}}, {"model": "auth.permission", "pk": 120, "fields": {"name": "Can view shop profile", "content_type": 30, "codename": "view_shopprofile"}}, {"model": "auth.permission", "pk": 121, "fields": {"name": "Can add shop documents", "content_type": 31, "codename": "add_shopdocuments"}}, {"model": "auth.permission", "pk": 122, "fields": {"name": "Can change shop documents", "content_type": 31, "codename": "change_shopdocuments"}}, {"model": "auth.permission", "pk": 123, "fields": {"name": "Can delete shop documents", "content_type": 31, "codename": "delete_shopdocuments"}}, {"model": "auth.permission", "pk": 124, "fields": {"name": "Can view shop documents", "content_type": 31, "codename": "view_shopdocuments"}}, {"model": "auth.permission", "pk": 125, "fields": {"name": "Can add shop images", "content_type": 32, "codename": "add_shopimages"}}, {"model": "auth.permission", "pk": 126, "fields": {"name": "Can change shop images", "content_type": 32, "codename": "change_shopimages"}}, {"model": "auth.permission", "pk": 127, "fields": {"name": "Can delete shop images", "content_type": 32, "codename": "delete_shopimages"}}, {"model": "auth.permission", "pk": 128, "fields": {"name": "Can view shop images", "content_type": 32, "codename": "view_shopimages"}}, {"model": "auth.permission", "pk": 129, "fields": {"name": "Can add task images", "content_type": 33, "codename": "add_taskimages"}}, {"model": "auth.permission", "pk": 130, "fields": {"name": "Can change task images", "content_type": 33, "codename": "change_taskimages"}}, {"model": "auth.permission", "pk": 131, "fields": {"name": "Can delete task images", "content_type": 33, "codename": "delete_taskimages"}}, {"model": "auth.permission", "pk": 132, "fields": {"name": "Can view task images", "content_type": 33, "codename": "view_taskimages"}}, {"model": "contenttypes.contenttype", "pk": 1, "fields": {"app_label": "admin", "model": "logentry"}}, {"model": "contenttypes.contenttype", "pk": 2, "fields": {"app_label": "auth", "model": "permission"}}, {"model": "contenttypes.contenttype", "pk": 3, "fields": {"app_label": "auth", "model": "group"}}, {"model": "contenttypes.contenttype", "pk": 4, "fields": {"app_label": "contenttypes", "model": "contenttype"}}, {"model": "contenttypes.contenttype", "pk": 5, "fields": {"app_label": "sessions", "model": "session"}}, {"model": "contenttypes.contenttype", "pk": 6, "fields": {"app_label": "users", "model": "user"}}, {"model": "contenttypes.contenttype", "pk": 7, "fields": {"app_label": "users", "model": "profile"}}, {"model": "contenttypes.contenttype", "pk": 8, "fields": {"app_label": "tasks", "model": "task"}}, {"model": "contenttypes.contenttype", "pk": 9, "fields": {"app_label": "tasks", "model": "accepttask"}}, {"model": "contenttypes.contenttype", "pk": 10, "fields": {"app_label": "tasks", "model": "taskreview"}}, {"model": "contenttypes.contenttype", "pk": 11, "fields": {"app_label": "tasks", "model": "keyword"}}, {"model": "contenttypes.contenttype", "pk": 12, "fields": {"app_label": "tasks", "model": "bidder"}}, {"model": "contenttypes.contenttype", "pk": 13, "fields": {"app_label": "social_django", "model": "association"}}, {"model": "contenttypes.contenttype", "pk": 14, "fields": {"app_label": "social_django", "model": "code"}}, {"model": "contenttypes.contenttype", "pk": 15, "fields": {"app_label": "social_django", "model": "nonce"}}, {"model": "contenttypes.contenttype", "pk": 16, "fields": {"app_label": "social_django", "model": "usersocialauth"}}, {"model": "contenttypes.contenttype", "pk": 17, "fields": {"app_label": "social_django", "model": "partial"}}, {"model": "contenttypes.contenttype", "pk": 18, "fields": {"app_label": "tasks", "model": "newbidder"}}, {"model": "contenttypes.contenttype", "pk": 19, "fields": {"app_label": "tasks", "model": "support"}}, {"model": "contenttypes.contenttype", "pk": 20, "fields": {"app_label": "users", "model": "referralcode"}}, {"model": "contenttypes.contenttype", "pk": 21, "fields": {"app_label": "users", "model": "referral"}}, {"model": "contenttypes.contenttype", "pk": 22, "fields": {"app_label": "tasks", "model": "category"}}, {"model": "contenttypes.contenttype", "pk": 23, "fields": {"app_label": "tasks", "model": "shop"}}, {"model": "contenttypes.contenttype", "pk": 24, "fields": {"app_label": "sites", "model": "site"}}, {"model": "contenttypes.contenttype", "pk": 25, "fields": {"app_label": "account", "model": "emailaddress"}}, {"model": "contenttypes.contenttype", "pk": 26, "fields": {"app_label": "account", "model": "emailconfirmation"}}, {"model": "contenttypes.contenttype", "pk": 27, "fields": {"app_label": "socialaccount", "model": "socialaccount"}}, {"model": "contenttypes.contenttype", "pk": 28, "fields": {"app_label": "socialaccount", "model": "socialapp"}}, {"model": "contenttypes.contenttype", "pk": 29, "fields": {"app_label": "socialaccount", "model": "socialtoken"}}, {"model": "contenttypes.contenttype", "pk": 30, "fields": {"app_label": "tasks", "model": "shopprofile"}}, {"model": "contenttypes.contenttype", "pk": 31, "fields": {"app_label": "tasks", "model": "shopdocuments"}}, {"model": "contenttypes.contenttype", "pk": 32, "fields": {"app_label": "tasks", "model": "shopimages"}}, {"model": "contenttypes.contenttype", "pk": 33, "fields": {"app_label": "tasks", "model": "taskimages"}}, {"model": "sessions.session", "pk": "02cwxh28e7sjur9agpv8huxyu4q3zfy5", "fields": {"session_data": ".eJxVjEEOwiAQRe_C2hAGgRaX7nsGMgyDVA0kpV0Z765NutDtf-_9lwi4rSVsnZcwJ3ERIE6_W0R6cN1BumO9NUmtrssc5a7Ig3Y5tcTP6-H-HRTs5VvbDIN3NjrIxhBl8o7ZJGWz1pGNVZEdMGQc9dmDcgBMWZnBAGNCP4r3B-fYN_4:1qCqwc:ClDGuqudplYLw7Acmp7MR2H7R_0jP5z2BE2pKnwTvmE", "expire_date": "2023-07-08T00:16:02.153Z"}}, {"model": "sessions.session", "pk": "1rtz6r6n0vlva85fkgxqzilvlvjik7nh", "fields": {"session_data": ".eJxVjEEOwiAQRe_C2hAGgRaX7nsGMgyDVA0kpV0Z765NutDtf-_9lwi4rSVsnZcwJ3ERIE6_W0R6cN1BumO9NUmtrssc5a7Ig3Y5tcTP6-H-HRTs5VvbDIN3NjrIxhBl8o7ZJGWz1pGNVZEdMGQc9dmDcgBMWZnBAGNCP4r3B-fYN_4:1q95wK:mhNmOfD-1S8kCzJ7iP38W5JrLdg8jfDyVbwCW5E6ptY", "expire_date": "2023-06-27T15:28:12.820Z"}}, {"model": "sessions.session", "pk": "2elozfucg5qg840eenmpyympjmqgfhwo", "fields": {"session_data": ".eJxVjU0OgjAQhe_StSGgncKwk4s00-k0NJJiaEk0xrsLhoUu39_3XsrSWka7Zlls9KpXTadOv6YjvknaE5qm3a6IeV5Tqb6dI87VdVOSSmQqcU7DsfpDjZTHjcM1OKMZGgfoGx_MhRGFCVvvgngARjYagLRrjdHYEUM4C-iWg2OkHZol5-3GyuMel6fq6_cHG1xEyA:1qRrNq:_1FMmYCYg5jGFuV-33hXP2z5gaal3nnsInIbngCwWDo", "expire_date": "2023-08-18T09:46:10.069Z"}}, {"model": "sessions.session", "pk": "3mb8dsta6r5r7nl4udg9lcjl69a8q501", "fields": {"session_data": ".eJxVjU0OwiAQhe_C2jRMBVq604uQYTqkxIaaQhON8e5S04Uu39_3XsLhVia3ZV5dHMUgQJx-PY9047QHOM-73SDRsqXSfDtHnJtLVZxKJCxxSddj9YeaME-VowN01mhvIChFFMgaZjVKHdrWs9LSswGGgH17tiANAFOQqlPAOKLtd2jmnOuN48c9rk8xyPcHwxJDrw:1qERk2:edOAPFGXB2P0jmlnz6D9U7ly0xfHXQh0Lp54-iN5v6A", "expire_date": "2023-07-12T09:45:38.254Z"}}, {"model": "sessions.session", "pk": "4wm9dr55y12i8gzwc5u7097zneqpcrqj", "fields": {"session_data": ".eJxVjEEOwiAQRe_C2hAGgRaX7nsGMgyDVA0kpV0Z765NutDtf-_9lwi4rSVsnZcwJ3ERIE6_W0R6cN1BumO9NUmtrssc5a7Ig3Y5tcTP6-H-HRTs5VvbDIN3NjrIxhBl8o7ZJGWz1pGNVZEdMGQc9dmDcgBMWZnBAGNCP4r3B-fYN_4:1q7Zml:iLkU4IvF98XXr_fR5_rH1h-PE242q-KsbV3pLNU5B98", "expire_date": "2023-06-23T10:56:03.156Z"}}, {"model": "sessions.session", "pk": "51zcarzcdw1ujwsdr7yrbtyb4slnwonm", "fields": {"session_data": ".eJxVjEEOwiAQRe_C2hAGgRaX7nsGMgyDVA0kpV0Z765NutDtf-_9lwi4rSVsnZcwJ3ERIE6_W0R6cN1BumO9NUmtrssc5a7Ig3Y5tcTP6-H-HRTs5VvbDIN3NjrIxhBl8o7ZJGWz1pGNVZEdMGQc9dmDcgBMWZnBAGNCP4r3B-fYN_4:1pw1aq:qSlWjcljPdNGdsP6HRnKWMQyJHFd2yL1eddb-uIbN08", "expire_date": "2023-05-22T14:12:00.296Z"}}, {"model": "sessions.session", "pk": "8itmrf2na4zy4rlzf7opeiup1yjnj1q4", "fields": {"session_data": ".eJxVjEEOwiAQRe_C2hAGgRaX7nsGMgyDVA0kpV0Z765NutDtf-_9lwi4rSVsnZcwJ3ERIE6_W0R6cN1BumO9NUmtrssc5a7Ig3Y5tcTP6-H-HRTs5VvbDIN3NjrIxhBl8o7ZJGWz1pGNVZEdMGQc9dmDcgBMWZnBAGNCP4r3B-fYN_4:1q04Ok:_gE6-_Q3NjIVwPFR1ed2mJ5emu9z2DRFVQHDHecONQY", "expire_date": "2023-06-02T18:00:14.231Z"}}, {"model": "sessions.session", "pk": "8jic5fdz6vnc0vdaz35yp8md8z9tcpos", "fields": {"session_data": ".eJxVjLsOAiEURP-F2hDeD0t7v4Fw4SKrBpJltzL-u5JsoZluzpl5kRD3rYZ94BqWTM6Ek9NvBzE9sE2Q77HdOk29besCdCr0oINee8bn5XD_Dmocda59Kk54JgWaUhwo8w1DaQxmq9BqrjBDdABZJeO8YBo4csktcO-UJu8P4183hA:1qOxBP:3uF-9KRv72FvnA6k4mAhWHdc-oUMyW-EsDmOgVthc7c", "expire_date": "2023-08-10T09:21:19.717Z"}}, {"model": "sessions.session", "pk": "a7j7kvl4yzn66wmppy47luwj96zmrmtc", "fields": {"session_data": ".eJxVjEEOwiAQRe_C2hAGgRaX7nsGMgyDVA0kpV0Z765NutDtf-_9lwi4rSVsnZcwJ3ERIE6_W0R6cN1BumO9NUmtrssc5a7Ig3Y5tcTP6-H-HRTs5VvbDIN3NjrIxhBl8o7ZJGWz1pGNVZEdMGQc9dmDcgBMWZnBAGNCP4r3B-fYN_4:1q0Udb:YuFYSoNP6UpqYcTTIUcz0qbhHXNC7BnklTTXvCD5qs4", "expire_date": "2023-06-03T22:01:19.833Z"}}, {"model": "sessions.session", "pk": "cfokt2v9q21of8ituzuh2rzqd9p0lyls", "fields": {"session_data": ".eJxVjU0OgyAQhe_CujGgiOCuXoTMwBhJDTYCSZumdy82LtrM6v3M917MQsmLLYl2GzwbmWCXXw_B3SgeAazrYTfg3FZibr6dM07NtSqKOTjIYYvT-fWHWiAtleONm3VreNeSmmeNUtXj1ClFfpA09EKSR9CIXjqlTct7FCQ6MaAwWvYHNFFKdcbS4x72Jxv5-wO1EUM1:1qRrNJ:DaW0KFlnK3xpMU2qmseu55xKnv_lwou75QEJMBuc0DE", "expire_date": "2023-08-18T09:45:37.546Z"}}, {"model": "sessions.session", "pk": "de10lgu0d6glu533mo5vfsaqg4d13y5u", "fields": {"session_data": ".eJxVjEEOwiAQRe_C2hAGgRaX7nsGMgyDVA0kpV0Z765NutDtf-_9lwi4rSVsnZcwJ3ERIE6_W0R6cN1BumO9NUmtrssc5a7Ig3Y5tcTP6-H-HRTs5VvbDIN3NjrIxhBl8o7ZJGWz1pGNVZEdMGQc9dmDcgBMWZnBAGNCP4r3B-fYN_4:1q1wIC:ieVJLPu5P5vzvuBCAXf2ZPrKyZyfSBz2KBosZj1Uppk", "expire_date": "2023-06-07T21:45:12.399Z"}}, {"model": "sessions.session", "pk": "dx3satl0b4jqpjqke585vzscwsfx4qtw", "fields": {"session_data": ".eJxVjEEOwiAQRe_C2hAKMgwu3fcMZOhMpWpoUtqV8e7apAvd_vfef6lE21rS1mRJE6uL6tTpd8s0PKTugO9Ub7Me5rouU9a7og_adD-zPK-H-3dQqJVvHYOJHBiQxFsYY7YYPXk2jAAYxEFEyMKOg-Xc2bOzPCKYIOAYolPvD9E9N0U:1ptRfa:dOranv4ly3AMVPos-7ZldfObWrq3oBYxvRmm1yNTkw0", "expire_date": "2023-05-15T11:26:14.245Z"}}, {"model": "sessions.session", "pk": "e9ede9lq40f1pwtmtphztes2eqqkz85n", "fields": {"session_data": ".eJxVjLsOAiEURP-F2hDeD0t7v4Fw4SKrBpJltzL-u5JsoZluzpl5kRD3rYZ94BqWTM6Ek9NvBzE9sE2Q77HdOk29besCdCr0oINee8bn5XD_Dmocda59Kk54JgWaUhwo8w1DaQxmq9BqrjBDdABZJeO8YBo4csktcO-UJu8P4183hA:1qPlNi:W9oU7fPFGn1VMyYmH4zXYr5uH6OCWIfgEqP84xWw1fQ", "expire_date": "2023-08-12T14:57:22.963Z"}}, {"model": "sessions.session", "pk": "ejakh28bseaxfs8q6d7rorfhpfxhaj5t", "fields": {"session_data": ".eJxVjEEOwiAQRe_C2hAGgRaX7nsGMgyDVA0kpV0Z765NutDtf-_9lwi4rSVsnZcwJ3ERIE6_W0R6cN1BumO9NUmtrssc5a7Ig3Y5tcTP6-H-HRTs5VvbDIN3NjrIxhBl8o7ZJGWz1pGNVZEdMGQc9dmDcgBMWZnBAGNCP4r3B-fYN_4:1q5tpY:LyK387fEn7WaNvgUHggLHDoUvBY829VQWX0HWpy5Izc", "expire_date": "2023-06-18T19:56:00.933Z"}}, {"model": "sessions.session", "pk": "ex1h33glfetc3gl8wzqsz7782m44vhdo", "fields": {"session_data": ".eJxVjEEOwiAQRe_C2hAKMgwu3fcMZOhMpWpoUtqV8e7apAvd_vfef6lE21rS1mRJE6uL6tTpd8s0PKTugO9Ub7Me5rouU9a7og_adD-zPK-H-3dQqJVvHYOJHBiQxFsYY7YYPXk2jAAYxEFEyMKOg-Xc2bOzPCKYIOAYolPvD9E9N0U:1ptaiG:RZZdQPoB7FqhsaptBXJ9AmiwuKx9MeZ-HU8tD3pMSco", "expire_date": "2023-05-15T21:05:36.175Z"}}, {"model": "sessions.session", "pk": "hkvsm0z22ztu5zlhho7d261m7hqm879p", "fields": {"session_data": ".eJxVjEEOwiAQRe_C2hAGgRaX7nsGMgyDVA0kpV0Z765NutDtf-_9lwi4rSVsnZcwJ3ERIE6_W0R6cN1BumO9NUmtrssc5a7Ig3Y5tcTP6-H-HRTs5VvbDIN3NjrIxhBl8o7ZJGWz1pGNVZEdMGQc9dmDcgBMWZnBAGNCP4r3B-fYN_4:1qBuK2:640E_7HujsmyEbVQ6ND5VUK7ES7p7W7_LTIBU6-oraE", "expire_date": "2023-07-05T09:40:18.362Z"}}, {"model": "sessions.session", "pk": "i6uy38v0txdz8x0oupvybyi8hh281ah5", "fields": {"session_data": ".eJxVjEEOwiAQRe_C2hAGgRaX7nsGMgyDVA0kpV0Z765NutDtf-_9lwi4rSVsnZcwJ3ERIE6_W0R6cN1BumO9NUmtrssc5a7Ig3Y5tcTP6-H-HRTs5VvbDIN3NjrIxhBl8o7ZJGWz1pGNVZEdMGQc9dmDcgBMWZnBAGNCP4r3B-fYN_4:1pxTeq:8rGUVqV-sRc6Vc2REoKonu4cId-_AX3hTr8d4ooXzGQ", "expire_date": "2023-05-26T14:22:08.925Z"}}, {"model": "sessions.session", "pk": "ir230x8ezc6q4y5vyafxq02ifpspkgkt", "fields": {"session_data": ".eJxVjLsOAiEURP-F2hDeD0t7v4Fw4SKrBpJltzL-u5JsoZluzpl5kRD3rYZ94BqWTM6Ek9NvBzE9sE2Q77HdOk29besCdCr0oINee8bn5XD_Dmocda59Kk54JgWaUhwo8w1DaQxmq9BqrjBDdABZJeO8YBo4csktcO-UJu8P4183hA:1qEnuo:qCbVgCFmfFRXBNAdXRWURbkRgTkPJDNIawWMtcalSbA", "expire_date": "2023-07-13T09:26:14.322Z"}}, {"model": "sessions.session", "pk": "jbwj27qaazs8h1sb6ql0vpr4p33tv4ek", "fields": {"session_data": ".eJxVjEEOwiAQRe_C2hAKMgwu3fcMZOhMpWpoUtqV8e7apAvd_vfef6lE21rS1mRJE6uL6tTpd8s0PKTugO9Ub7Me5rouU9a7og_adD-zPK-H-3dQqJVvHYOJHBiQxFsYY7YYPXk2jAAYxEFEyMKOg-Xc2bOzPCKYIOAYolPvD9E9N0U:1pv3mN:djSZc97ieLSr5fOpn2aSas1r3DsAyNRNISRZB1AL2R8", "expire_date": "2023-05-19T22:19:55.325Z"}}, {"model": "sessions.session", "pk": "jc3fnzetr2vrm4s26qfynpuq581xsmig", "fields": {"session_data": ".eJxVjEEOwiAQRe_C2hAGgRaX7nsGMgyDVA0kpV0Z765NutDtf-_9lwi4rSVsnZcwJ3ERIE6_W0R6cN1BumO9NUmtrssc5a7Ig3Y5tcTP6-H-HRTs5VvbDIN3NjrIxhBl8o7ZJGWz1pGNVZEdMGQc9dmDcgBMWZnBAGNCP4r3B-fYN_4:1pyea5:PY726snbaHIW1VlntaKccaga-_drHbuktSTSLp_H_m0", "expire_date": "2023-05-29T20:14:05.021Z"}}, {"model": "sessions.session", "pk": "kzk13qfrhtsm9a65wogg0y5kx47kc2j5", "fields": {"session_data": ".eJxVjLsOAiEURP-F2hDeD0t7v4Fw4SKrBpJltzL-u5JsoZluzpl5kRD3rYZ94BqWTM6Ek9NvBzE9sE2Q77HdOk29besCdCr0oINee8bn5XD_Dmocda59Kk54JgWaUhwo8w1DaQxmq9BqrjBDdABZJeO8YBo4csktcO-UJu8P4183hA:1qHi30:KBvk5yOd4_16RRlP8euy9Igqgd0S4RWG_TwBlMsC3o8", "expire_date": "2023-07-21T09:46:42.292Z"}}, {"model": "sessions.session", "pk": "mbo9qnrxmfgqvo12axh7km5ip4li94vn", "fields": {"session_data": "eyJzb2NpYWxhY2NvdW50X3N0YXRlIjpbeyJwcm9jZXNzIjoibG9naW4iLCJzY29wZSI6IiIsImF1dGhfcGFyYW1zIjoiIn0sInVvRDN5aUtjUklKZiJdfQ:1qBLj1:2MgUwoRHozFS9nEjZ6EplRTa50d-P3a55tOt8_4-xgo", "expire_date": "2023-07-03T20:43:47.609Z"}}, {"model": "sessions.session", "pk": "oar7gebrv64xbp0myvo1sw5a03pmu4hy", "fields": {"session_data": ".eJxVjEEOwiAQRe_C2hAGgRaX7nsGMgyDVA0kpV0Z765NutDtf-_9lwi4rSVsnZcwJ3ERIE6_W0R6cN1BumO9NUmtrssc5a7Ig3Y5tcTP6-H-HRTs5VvbDIN3NjrIxhBl8o7ZJGWz1pGNVZEdMGQc9dmDcgBMWZnBAGNCP4r3B-fYN_4:1q2x24:qBAI9qG8oHJChoj5QuhHEX2h0SKemudJT5gnGxy5JdE", "expire_date": "2023-06-10T16:44:44.494Z"}}, {"model": "sessions.session", "pk": "qac940a677xh2i00k2uzftdez922zvbb", "fields": {"session_data": ".eJxVjEEOwiAQRe_C2hAGgRaX7nsGMgyDVA0kpV0Z765NutDtf-_9lwi4rSVsnZcwJ3ERIE6_W0R6cN1BumO9NUmtrssc5a7Ig3Y5tcTP6-H-HRTs5VvbDIN3NjrIxhBl8o7ZJGWz1pGNVZEdMGQc9dmDcgBMWZnBAGNCP4r3B-fYN_4:1pwWT9:kwXDsUu7QXUaTOWnFwNd1MyMJaWTcY58FFf3q_P7kOE", "expire_date": "2023-05-23T23:10:07.797Z"}}, {"model": "sessions.session", "pk": "qzs0hf6sz6nu1amutsx60uptblgsoa2j", "fields": {"session_data": ".eJxVjEEOwiAQRe_C2hAGgRaX7nsGMgyDVA0kpV0Z765NutDtf-_9lwi4rSVsnZcwJ3ERIE6_W0R6cN1BumO9NUmtrssc5a7Ig3Y5tcTP6-H-HRTs5VvbDIN3NjrIxhBl8o7ZJGWz1pGNVZEdMGQc9dmDcgBMWZnBAGNCP4r3B-fYN_4:1qDlxO:SDQa61RiYE9s5-3a4AObm_DwL7wq8vYbHLZuk64ae6A", "expire_date": "2023-07-10T13:08:38.394Z"}}, {"model": "sessions.session", "pk": "sw2t1xsnsnj02kg6tgf6v4vjq51zwtpy", "fields": {"session_data": ".eJxVjEEOwiAQRe_C2hAGgRaX7nsGMgyDVA0kpV0Z765NutDtf-_9lwi4rSVsnZcwJ3ERIE6_W0R6cN1BumO9NUmtrssc5a7Ig3Y5tcTP6-H-HRTs5VvbDIN3NjrIxhBl8o7ZJGWz1pGNVZEdMGQc9dmDcgBMWZnBAGNCP4r3B-fYN_4:1pz2RQ:qelIi6RDtlCUZcJ4jA6E9Ih2PDiLnzgRNntZJKgzRIo", "expire_date": "2023-05-30T21:42:44.058Z"}}, {"model": "sessions.session", "pk": "uftuf5fmomk93dngcbw48stbtb9zan6u", "fields": {"session_data": ".eJxVjU0OgyAQhe_CujGgiOCuXoTMwBhJDTYCSZumdy82LtrM6v3M917MQsmLLYl2GzwbmWCXXw_B3SgeAazrYTfg3FZibr6dM07NtSqKOTjIYYvT-fWHWiAtleONm3VreNeSmmeNUtXj1ClFfpA09EKSR9CIXjqlTct7FCQ6MaAwWvYHNFFKdcbS4x72Jxv5-wO1EUM1:1qEnvw:6iYWWuO4BLHK3t9nK3-2zYL__k6bSrYl72L8OMAKTWs", "expire_date": "2023-07-13T09:27:24.655Z"}}, {"model": "sessions.session", "pk": "w1qwt0m5euve4b7ja2cbmpbj7geemd6e", "fields": {"session_data": ".eJxVjEEOwiAQRe_C2hAKMgwu3fcMZOhMpWpoUtqV8e7apAvd_vfef6lE21rS1mRJE6uL6tTpd8s0PKTugO9Ub7Me5rouU9a7og_adD-zPK-H-3dQqJVvHYOJHBiQxFsYY7YYPXk2jAAYxEFEyMKOg-Xc2bOzPCKYIOAYolPvD9E9N0U:1pvMh2:meN0vpJC3EOccXpoZbTwP5YUTiy5XarNlJp-uy2mHmE", "expire_date": "2023-05-20T18:31:40.758Z"}}, {"model": "sessions.session", "pk": "yoe8d8lulgzu20raagh6rg528ajycyhq", "fields": {"session_data": ".eJxVjEEOwiAQRe_C2hAKMgwu3fcMZOhMpWpoUtqV8e7apAvd_vfef6lE21rS1mRJE6uL6tTpd8s0PKTugO9Ub7Me5rouU9a7og_adD-zPK-H-3dQqJVvHYOJHBiQxFsYY7YYPXk2jAAYxEFEyMKOg-Xc2bOzPCKYIOAYolPvD9E9N0U:1pvQix:7koEEX8S32dS1vqCNkgR4ydlbvFpNLkghhDMFrQd1TE", "expire_date": "2023-05-20T22:49:55.214Z"}}, {"model": "sessions.session", "pk": "zl3moegt637mtjnzzlehtc5qnav7ec3p", "fields": {"session_data": ".eJxVjEEOwiAQRe_C2hAGgRaX7nsGMgyDVA0kpV0Z765NutDtf-_9lwi4rSVsnZcwJ3ERIE6_W0R6cN1BumO9NUmtrssc5a7Ig3Y5tcTP6-H-HRTs5VvbDIN3NjrIxhBl8o7ZJGWz1pGNVZEdMGQc9dmDcgBMWZnBAGNCP4r3B-fYN_4:1pyWC1:D-y-YNcNEiyV51qkmgzm9DuRnyzBXsiieR51n85F_jg", "expire_date": "2023-05-29T11:16:41.990Z"}}, {"model": "sessions.session", "pk": "zzdxep2xh9cttxs7j9o7vwgr0zzk4f69", "fields": {"session_data": "eyJzb2NpYWxhY2NvdW50X3N0YXRlIjpbeyJwcm9jZXNzIjoibG9naW4iLCJzY29wZSI6IiIsImF1dGhfcGFyYW1zIjoiIn0sIk9XRDVYdENkSlhoayJdfQ:1qBLp5:byvNZyXosE2SyYLWNOssINq66KT0GZRpAQYSUX-6FHU", "expire_date": "2023-07-03T20:50:03.564Z"}}, {"model": "sites.site", "pk": 1, "fields": {"domain": "example.com", "name": "example.com"}}, {"model": "sites.site", "pk": 2, "fields": {"domain": "localhost:8000", "name": "localhost"}}, {"model": "users.user", "pk": 1, "fields": {"password": "pbkdf2_sha256$320000$k6vQwiD29CArRVSRESEm12$e23MFkS15zbASpX3lG2aHD08An7qHhr6jUdXjpFeil8=", "last_login": "2023-08-04T09:45:37.065Z", "email": "edwardprosper001@gmail.com", "username": "prosper", "first_name": "denis", "is_active": true, "staff": true, "admin": true, "date_joined": "2023-05-01T11:25:21.188Z"}}, {"model": "users.user", "pk": 2, "fields": {"password": "testing321", "last_login": null, "email": "debinaya65@gmail.com", "username": "debbie", "first_name": "denis", "is_active": true, "staff": false, "admin": false, "date_joined": "2023-05-01T21:05:41Z"}}, {"model": "users.user", "pk": 6, "fields": {"password": "testing321", "last_login": null, "email": "john@gmail.com", "username": "john", "first_name": "john", "is_active": true, "staff": false, "admin": false, "date_joined": "2023-05-16T21:44:40.848Z"}}, {"model": "users.user", "pk": 14, "fields": {"password": "pbkdf2_sha256$390000$Lh4GxoPsbdwj9JxXF7ezxs$FQOQCmEJJ5UaT4vSgwoV21UA0Dciy41tPXhPJjdLrOc=", "last_login": null, "email": "ifegbesan6@gmail.com", "username": "Tani", "first_name": "", "is_active": false, "staff": false, "admin": false, "date_joined": "2023-05-27T18:00:14.963Z"}}, {"model": "users.user", "pk": 18, "fields": {"password": "pbkdf2_sha256$320000$qG4G70VcV2fNgUW8O46LkG$DqfSth/fTaomCp9GGQgOHP4aFAKSEncGSOD9klsOMCk=", "last_login": "2023-08-04T09:46:09.311Z", "email": "edwardprosper002@gmail.com", "username": "prosperity", "first_name": "prosperity", "is_active": true, "staff": false, "admin": false, "date_joined": "2023-06-13T15:34:18.305Z"}}, {"model": "users.user", "pk": 19, "fields": {"password": "!mSdrBQya4DTfjuwH3FCmUN9p978r5Me5DUdNDzoE", "last_login": null, "email": "", "username": "edward", "first_name": "Edward", "is_active": false, "staff": false, "admin": false, "date_joined": "2023-06-19T16:55:22.735Z"}}, {"model": "users.profile", "pk": 1, "fields": {"user": 1, "avatar": "default2.jpg", "bio": "", "location": "Lagos", "phone_number": "09036356792", "is_complete": false, "otp": null}}, {"model": "users.profile", "pk": 2, "fields": {"user": 2, "avatar": "default2.jpg", "bio": "", "location": "Lagos", "phone_number": "09036356792", "is_complete": false, "otp": null}}, {"model": "users.profile", "pk": 4, "fields": {"user": 6, "avatar": "default2.jpg", "bio": "", "location": "", "phone_number": "", "is_complete": false, "otp": null}}, {"model": "users.profile", "pk": 12, "fields": {"user": 14, "avatar": "default2.jpg", "bio": "", "location": "", "phone_number": "", "is_complete": false, "otp": null}}, {"model": "users.profile", "pk": 16, "fields": {"user": 18, "avatar": "user_profile_pics/WIN_20220831_16_33_39_Pro_eaNDtua.jpg", "bio": "I am a student", "location": "", "phone_number": "08147032350", "is_complete": false, "otp": null}}, {"model": "users.profile", "pk": 17, "fields": {"user": 19, "avatar": "default2.jpg", "bio": "", "location": "", "phone_number": "", "is_complete": false, "otp": null}}, {"model": "users.referral", "pk": 1, "fields": {"user": 6, "code": "JC6E4T", "used": false}}, {"model": "users.referral", "pk": 2, "fields": {"user": 1, "code": "0M00QF", "used": false}}, {"model": "users.referral", "pk": 4, "fields": {"user": 2, "code": "G1FR2X", "used": false}}, {"model": "users.referral", "pk": 12, "fields": {"user": 14, "code": "JZ4MD6", "used": false}}, {"model": "users.referral", "pk": 16, "fields": {"user": 18, "code": "JLPE0X", "used": false}}, {"model": "users.referral", "pk": 17, "fields": {"user": 19, "code": "S69S8T", "used": false}}, {"model": "tasks.keyword", "pk": 1, "fields": {"name": "Fast", "slug": "fast"}}, {"model": "tasks.keyword", "pk": 2, "fields": {"name": "Very clean", "slug": "very-clean"}}, {"model": "tasks.category", "pk": 1, "fields": {"name": "Tech", "slug": "tech"}}, {"model": "tasks.category", "pk": 2, "fields": {"name": "Food Delivery", "slug": "food-delivery"}}, {"model": "tasks.category", "pk": 3, "fields": {"name": "Chore", "slug": "chore"}}, {"model": "tasks.task", "pk": "162d7ebe-399e-45e9-bd75-31492f9ffe77", "fields": {"name": "deliver beans", "description": "Biobaku", "category": null, "bidding_amount": "300.00", "image": "", "sender": 1, "is_active": true, "date_posted": "2023-06-21T10:39:48.193Z", "date_updated": "2023-06-21T10:39:48.193Z", "picked_up": false, "being_delivered": false, "completed": false, "paid": false, "messenger": null, "shop": 17, "keywords": [], "task_bidders": []}}, {"model": "tasks.task", "pk": "20bae844-ceab-4ca8-abb2-b0262819e35f", "fields": {"name": "Deliver Customer food", "description": "He's in Biobaku.", "category": 2, "bidding_amount": "300.00", "image": "", "sender": 1, "is_active": true, "date_posted": "2023-06-13T16:13:09.442Z", "date_updated": "2023-06-13T16:13:09.442Z", "picked_up": false, "being_delivered": false, "completed": false, "paid": false, "messenger": null, "shop": null, "keywords": [1], "task_bidders": []}}, {"model": "tasks.task", "pk": "24928396-5602-45cd-bf31-852dcc75cb63", "fields": {"name": "deliver beans", "description": "Biobaku", "category": null, "bidding_amount": "300.00", "image": "", "sender": 1, "is_active": true, "date_posted": "2023-06-21T10:38:28.994Z", "date_updated": "2023-06-21T10:38:28.994Z", "picked_up": false, "being_delivered": false, "completed": false, "paid": false, "messenger": null, "shop": 17, "keywords": [], "task_bidders": []}}, {"model": "tasks.task", "pk": "2eb2ac6d-261b-416d-a6c8-6db4f9124e54", "fields": {"name": "deliver beans", "description": "Biobaku", "category": null, "bidding_amount": "300.00", "image": "", "sender": 1, "is_active": true, "date_posted": "2023-06-21T10:38:53.950Z", "date_updated": "2023-06-21T10:38:53.950Z", "picked_up": false, "being_delivered": false, "completed": false, "paid": false, "messenger": null, "shop": 17, "keywords": [], "task_bidders": []}}, {"model": "tasks.task", "pk": "38899492-abbb-4092-94d8-eac2965d13cf", "fields": {"name": "Pick up kids", "description": "ASAP!!", "category": null, "bidding_amount": "3000.00", "image": "", "sender": 1, "is_active": true, "date_posted": "2023-05-19T18:47:43.159Z", "date_updated": "2023-05-19T18:47:43.159Z", "picked_up": false, "being_delivered": false, "completed": false, "paid": false, "messenger": null, "shop": null, "keywords": [], "task_bidders": []}}, {"model": "tasks.task", "pk": "4664a252-911f-4fb2-a7d7-b3e96b9b7d19", "fields": {"name": "Code today 2", "description": "daily  2", "category": null, "bidding_amount": "6000.00", "image": "task_images/WIN_20220831_16_33_39_Pro_RGWdYWF.jpg", "sender": 1, "is_active": true, "date_posted": "2023-06-04T18:44:48.350Z", "date_updated": "2023-06-04T18:44:48.350Z", "picked_up": false, "being_delivered": false, "completed": false, "paid": false, "messenger": null, "shop": null, "keywords": [], "task_bidders": []}}, {"model": "tasks.task", "pk": "4b297a06-34a8-4320-810d-737c6a6bb070", "fields": {"name": "Wash Bathroom", "description": "2 bathrooms", "category": null, "bidding_amount": "6000.00", "image": "", "sender": 1, "is_active": true, "date_posted": "2023-06-30T19:43:33.481Z", "date_updated": "2023-06-30T19:43:33.481Z", "picked_up": false, "being_delivered": false, "completed": false, "paid": false, "messenger": null, "shop": null, "keywords": [], "task_bidders": []}}, {"model": "tasks.task", "pk": "51ec2d89-ee8c-4b61-84ef-7d3ab3f5fa25", "fields": {"name": "Code today 2", "description": "daily  2", "category": null, "bidding_amount": "6000.00", "image": "task_images/WIN_20220831_16_33_39_Pro_r19jVci.jpg", "sender": 1, "is_active": true, "date_posted": "2023-06-04T18:34:08.768Z", "date_updated": "2023-06-04T18:34:08.768Z", "picked_up": false, "being_delivered": false, "completed": false, "paid": false, "messenger": null, "shop": null, "keywords": [], "task_bidders": []}}, {"model": "tasks.task", "pk": "53e91e6c-74e3-4ebe-9321-ed1921c947a1", "fields": {"name": "Code today", "description": "daily", "category": null, "bidding_amount": "5000.00", "image": "task_images/WIN_20220831_16_33_39_Pro.jpg", "sender": 1, "is_active": true, "date_posted": "2023-06-04T18:27:36.663Z", "date_updated": "2023-06-04T18:27:36.663Z", "picked_up": false, "being_delivered": false, "completed": false, "paid": false, "messenger": null, "shop": null, "keywords": [], "task_bidders": []}}, {"model": "tasks.task", "pk": "69116167-a110-4875-a9df-2532d8658097", "fields": {"name": "Code today 4", "description": "daily  4", "category": null, "bidding_amount": "6000.00", "image": "task_images/WIN_20220831_16_33_39_Pro_aBYcuxf.jpg", "sender": 1, "is_active": true, "date_posted": "2023-06-04T19:08:36.313Z", "date_updated": "2023-06-04T19:08:36.313Z", "picked_up": false, "being_delivered": false, "completed": false, "paid": false, "messenger": null, "shop": null, "keywords": [], "task_bidders": []}}, {"model": "tasks.task", "pk": "74431a46-9b58-4aaf-a1f2-7bb3aed64186", "fields": {"name": "Deliver food", "description": "ASAP", "category": null, "bidding_amount": "1000.00", "image": "", "sender": 1, "is_active": true, "date_posted": "2023-07-07T10:04:48.627Z", "date_updated": "2023-07-07T10:04:48.628Z", "picked_up": false, "being_delivered": false, "completed": false, "paid": false, "messenger": null, "shop": 17, "keywords": [], "task_bidders": []}}, {"model": "tasks.task", "pk": "7c6c473a-bbb9-4a88-b335-c744b0e32308", "fields": {"name": "Pick up kids", "description": "ASAP!!", "category": null, "bidding_amount": "3000.00", "image": "", "sender": 1, "is_active": true, "date_posted": "2023-05-19T18:36:53.200Z", "date_updated": "2023-05-19T18:36:53.200Z", "picked_up": false, "being_delivered": false, "completed": false, "paid": false, "messenger": null, "shop": null, "keywords": [], "task_bidders": []}}, {"model": "tasks.task", "pk": "7d09b952-4faf-4d03-a783-67c80f0dd818", "fields": {"name": "Debug Code", "description": "Python/Django", "category": null, "bidding_amount": "1000.00", "image": "", "sender": 1, "is_active": true, "date_posted": "2023-07-25T08:27:29.688Z", "date_updated": "2023-07-25T08:27:29.688Z", "picked_up": false, "being_delivered": false, "completed": false, "paid": false, "messenger": null, "shop": null, "keywords": [], "task_bidders": []}}, {"model": "tasks.task", "pk": "9d7da46c-c242-4760-9692-3e4261dc6d9b", "fields": {"name": "Debug Code", "description": "Python/Django", "category": null, "bidding_amount": "1000.00", "image": "", "sender": 1, "is_active": true, "date_posted": "2023-07-25T08:28:56.163Z", "date_updated": "2023-07-25T08:28:56.163Z", "picked_up": false, "being_delivered": false, "completed": false, "paid": false, "messenger": null, "shop": null, "keywords": [], "task_bidders": []}}, {"model": "tasks.task", "pk": "ac3ed0ab-b21f-4028-b5a1-1f089f6d3b56", "fields": {"name": "Buy Takeaway", "description": "The white one", "category": null, "bidding_amount": "1000.00", "image": "", "sender": 1, "is_active": true, "date_posted": "2023-07-07T10:08:29.859Z", "date_updated": "2023-07-07T10:08:29.859Z", "picked_up": false, "being_delivered": false, "completed": false, "paid": false, "messenger": null, "shop": 17, "keywords": [], "task_bidders": []}}, {"model": "tasks.task", "pk": "b179aafe-47c6-4e43-a999-675fd5422159", "fields": {"name": "Code today 3", "description": "daily  3", "category": null, "bidding_amount": "6000.00", "image": "task_images/WIN_20220831_16_33_39_Pro_SidalHU.jpg", "sender": 1, "is_active": true, "date_posted": "2023-06-04T19:07:37.862Z", "date_updated": "2023-06-04T19:07:37.862Z", "picked_up": false, "being_delivered": false, "completed": false, "paid": false, "messenger": null, "shop": null, "keywords": [], "task_bidders": []}}, {"model": "tasks.task", "pk": "c04443f1-89ac-48d1-8955-a5e705736585", "fields": {"name": "Prepare Kilinsman's schedule", "description": "coding", "category": null, "bidding_amount": "40000.00", "image": "", "sender": 18, "is_active": true, "date_posted": "2023-08-04T10:23:40.742Z", "date_updated": "2023-08-04T10:23:40.742Z", "picked_up": true, "being_delivered": false, "completed": false, "paid": false, "messenger": 1, "shop": null, "keywords": [], "task_bidders": [14]}}, {"model": "tasks.task", "pk": "df3bda6f-a402-4ede-a372-5e3c383caa93", "fields": {"name": "new task", "description": "new", "category": 1, "bidding_amount": "200.00", "image": "", "sender": 1, "is_active": true, "date_posted": "2023-07-30T00:09:52.193Z", "date_updated": "2023-07-30T00:09:52.193Z", "picked_up": false, "being_delivered": false, "completed": false, "paid": false, "messenger": null, "shop": null, "keywords": [1], "task_bidders": []}}, {"model": "tasks.task", "pk": "dfaa644e-3bb0-45f7-908e-96492d44cbb4", "fields": {"name": "Code today 2", "description": "daily  2", "category": null, "bidding_amount": "6000.00", "image": "task_images/WIN_20220831_16_33_39_Pro_1Urx0iD.jpg", "sender": 1, "is_active": true, "date_posted": "2023-06-04T18:35:08.930Z", "date_updated": "2023-06-04T18:35:08.930Z", "picked_up": false, "being_delivered": false, "completed": false, "paid": false, "messenger": null, "shop": null, "keywords": [], "task_bidders": []}}, {"model": "tasks.task", "pk": "eaf1d7cc-3200-4a14-aed5-f66a1ca12e2f", "fields": {"name": "Wash Car", "description": "GLK 350", "category": 3, "bidding_amount": "2500.00", "image": "", "sender": 1, "is_active": true, "date_posted": "2023-05-01T11:33:40.694Z", "date_updated": "2023-05-01T11:33:40.694Z", "picked_up": true, "being_delivered": false, "completed": false, "paid": false, "messenger": 18, "shop": null, "keywords": [2], "task_bidders": [13]}}, {"model": "tasks.task", "pk": "eb64b9b0-456d-4058-8489-7d2974e2d076", "fields": {"name": "deliver beans", "description": "Biobaku", "category": null, "bidding_amount": "300.00", "image": "", "sender": 1, "is_active": true, "date_posted": "2023-06-21T10:40:12.660Z", "date_updated": "2023-06-21T10:40:12.660Z", "picked_up": false, "being_delivered": false, "completed": false, "paid": false, "messenger": null, "shop": 17, "keywords": [], "task_bidders": []}}, {"model": "tasks.task", "pk": "f4bd0fb7-cad6-46af-ae21-d0130c393997", "fields": {"name": "Code today 2", "description": "daily  2", "category": null, "bidding_amount": "6000.00", "image": "task_images/WIN_20220831_16_33_39_Pro_rfVd1An.jpg", "sender": 1, "is_active": true, "date_posted": "2023-06-04T18:33:43.943Z", "date_updated": "2023-06-04T18:33:43.943Z", "picked_up": false, "being_delivered": false, "completed": false, "paid": false, "messenger": null, "shop": null, "keywords": [], "task_bidders": []}}, {"model": "tasks.task", "pk": "f4c60f14-152b-42b4-8106-72f7c7288ad3", "fields": {"name": "fetch water", "description": "from jaja", "category": null, "bidding_amount": "500.00", "image": "", "sender": 1, "is_active": true, "date_posted": "2023-06-21T11:07:55.440Z", "date_updated": "2023-06-21T11:07:55.440Z", "picked_up": false, "being_delivered": false, "completed": false, "paid": false, "messenger": null, "shop": 17, "keywords": [], "task_bidders": []}}, {"model": "tasks.task", "pk": "fd1f0a43-40c0-46d0-a7cd-da73ce73c5c3", "fields": {"name": "Pick up kids", "description": "ASAP!!", "category": null, "bidding_amount": "3000.00", "image": "", "sender": 18, "is_active": true, "date_posted": "2023-05-19T18:31:34.201Z", "date_updated": "2023-05-19T18:31:34.201Z", "picked_up": false, "being_delivered": false, "completed": true, "paid": true, "messenger": 1, "shop": null, "keywords": [], "task_bidders": []}}, {"model": "tasks.taskimages", "pk": 1, "fields": {"task": "4b297a06-34a8-4320-810d-737c6a6bb070", "image": "task_images/Screenshot_2023-06-26_145652.png"}}, {"model": "tasks.taskimages", "pk": 2, "fields": {"task": "4b297a06-34a8-4320-810d-737c6a6bb070", "image": "task_images/newly-built-3bedroom-flat-at-victory-estate-vTpEbjFiLVhUGSwIuy3K.jpeg"}}, {"model": "tasks.taskimages", "pk": 3, "fields": {"task": "7d09b952-4faf-4d03-a783-67c80f0dd818", "image": "task_images/messi.jpeg"}}, {"model": "tasks.taskimages", "pk": 4, "fields": {"task": "9d7da46c-c242-4760-9692-3e4261dc6d9b", "image": "task_images/messi_A0WEa3p.jpeg"}}, {"model": "tasks.taskimages", "pk": 5, "fields": {"task": "c04443f1-89ac-48d1-8955-a5e705736585", "image": "task_images/1.jpg"}}, {"model": "tasks.bidder", "pk": 13, "fields": {"task": "eaf1d7cc-3200-4a14-aed5-f66a1ca12e2f", "user": 18, "message": "I'm very good at this"}}, {"model": "tasks.bidder", "pk": 14, "fields": {"task": "c04443f1-89ac-48d1-8955-a5e705736585", "user": 1, "message": "i know django"}}, {"model": "tasks.shop", "pk": 1, "fields": {"owner": 1, "name": "Shop 10", "slug": "shop-10", "description": "A pan-african restaurant dedicated to providing dishes at affordable rates.", "location": "Jaja Complex", "rating": "10", "is_verified": false, "tasks": ["20bae844-ceab-4ca8-abb2-b0262819e35f"], "subscribers": [1]}}, {"model": "tasks.shop", "pk": 11, "fields": {"owner": 1, "name": "Mavise", "slug": "mavise", "description": "The students' favourite", "location": "Jaja Complex", "rating": "10", "is_verified": false, "tasks": [], "subscribers": [1]}}, {"model": "tasks.shop", "pk": 17, "fields": {"owner": 1, "name": "FYT", "slug": "fyt", "description": "good food", "location": "Unilag", "rating": "10", "is_verified": true, "tasks": [], "subscribers": [1]}}, {"model": "tasks.shop", "pk": 18, "fields": {"owner": 1, "name": "Deliver food", "slug": "deliver-food", "description": "ASAP", "location": "Bariga", "rating": "10", "is_verified": false, "tasks": [], "subscribers": []}}, {"model": "tasks.shopprofile", "pk": 1, "fields": {"shop": 17, "image": "", "other_images": [], "documents": []}}, {"model": "tasks.shopprofile", "pk": 2, "fields": {"shop": 18, "image": "", "other_images": [], "documents": []}}, {"model": "socialaccount.socialapp", "pk": 1, "fields": {"provider": "google", "name": "Google SS0", "client_id": "140761228160-8e9k2vodqdq4mqj5n5g5ebl516q0nd50.apps.googleusercontent.com", "secret": "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", "key": "", "sites": [1, 2]}}, {"model": "socialaccount.socialaccount", "pk": 1, "fields": {"user": 19, "provider": "google", "uid": "104230329957807421237", "last_login": "2023-06-19T20:48:19.967Z", "date_joined": "2023-06-19T16:55:24.094Z", "extra_data": "{\"iss\": \"https://accounts.google.com\", \"azp\": \"140761228160-8e9k2vodqdq4mqj5n5g5ebl516q0nd50.apps.googleusercontent.com\", \"aud\": \"140761228160-8e9k2vodqdq4mqj5n5g5ebl516q0nd50.apps.googleusercontent.com\", \"sub\": \"104230329957807421237\", \"at_hash\": \"RfdqyiS-3BjdRt7hnBCXGA\", \"name\": \"Edward Prosper\", \"picture\": \"https://lh3.googleusercontent.com/a/AAcHTtcKA5vAHaj4QqPzsvp1GiNzDQIssgX3PCK6qjJGdA=s96-c\", \"given_name\": \"Edward\", \"family_name\": \"Prosper\", \"locale\": \"en\", \"iat\": 1687207701, \"exp\": 1687211301}"}}]